{
  "algo": "gwo",
  "ablations": [
    "nodwt",
    "nobidir"
  ],
  "n_runs_expected": 30,
  "created_at": "2026-06-15T09:02:20.268108",
  "baseline": {
    "scenario": "full",
    "n_collected": 30,
    "source": "final_results",
    "mean": 0.03711654340330305,
    "std": 0.002025729999088927,
    "median": 0.036557154768062455,
    "min": 0.03458061630323126,
    "max": 0.04204457914505357,
    "losses": [
      0.037598078901847076,
      0.035203113274048334,
      0.03760442720609068,
      0.03787554975640337,
      0.035815491260579944,
      0.035711121967851665,
      0.036001246685248865,
      0.03868485475218693,
      0.03458061630323126,
      0.03808880288409777,
      0.04197307212090926,
      0.04037767523835201,
      0.03520492405044719,
      0.03656728966951509,
      0.03711850413430669,
      0.03540107740385209,
      0.03727596042701632,
      0.03623488946539478,
      0.035476706583436234,
      0.036095266159647685,
      0.03618110168495933,
      0.04204457914505357,
      0.04161751509441527,
      0.03702842528274619,
      0.03613679171916571,
      0.03772191289009726,
      0.03654701986660981,
      0.03534310795712715,
      0.03675174856109736,
      0.035235431653356575
    ]
  },
  "ablation_results": [
    {
      "scenario": "nodwt",
      "n_collected": 30,
      "source": "final_results",
      "mean": 0.055983900683204454,
      "std": 0.0002291210644269177,
      "median": 0.05598966487027136,
      "min": 0.05560288553584472,
      "max": 0.05681412157643654,
      "losses": [
        0.055869156242675674,
        0.055822427191235494,
        0.055802676848850534,
        0.05612832635847045,
        0.055988707029161915,
        0.05600798724045628,
        0.05570805425939778,
        0.05607584300339171,
        0.056121220881609174,
        0.05578847011791647,
        0.05626049187243337,
        0.05579431331805109,
        0.056026907829615176,
        0.05584190923528526,
        0.056088435193641054,
        0.05560288553584472,
        0.05681412157643654,
        0.0558897129533616,
        0.05612495684196609,
        0.05599062271138082,
        0.05585193000026938,
        0.05628498301342061,
        0.05606035207822579,
        0.055752604179317274,
        0.05581548218578581,
        0.056069255666920774,
        0.05594190779148071,
        0.05577748837758412,
        0.05609302017037647,
        0.05612277079157177
      ]
    },
    {
      "scenario": "nobidir",
      "n_collected": 30,
      "source": "final_results",
      "mean": 0.03669392348092878,
      "std": 0.0013454146339436034,
      "median": 0.03643616975673865,
      "min": 0.03534185275555589,
      "max": 0.04184893739624546,
      "losses": [
        0.03555506130307674,
        0.037525294076603447,
        0.04184893739624546,
        0.03608177506862274,
        0.03702794447787881,
        0.035716631380666594,
        0.036994036325061944,
        0.03542449228278104,
        0.03684807556427465,
        0.037104878696247144,
        0.037172373667498336,
        0.036251014061941464,
        0.0373892730755004,
        0.03590654418956287,
        0.03567506984138925,
        0.03534185275555589,
        0.036736539406034746,
        0.036644327380824585,
        0.03662132545153583,
        0.03716518683227987,
        0.035925945878420594,
        0.03690749006195969,
        0.03604015732041445,
        0.03879031735068297,
        0.03917210462616012,
        0.035824416584416006,
        0.035747033478943244,
        0.03542912308859503,
        0.035768634624543695,
        0.03618184818014575
      ]
    }
  ],
  "pairwise_comparisons": [
    {
      "scenario": "nodwt",
      "n_baseline": 30,
      "n_ablation": 30,
      "baseline_mean": 0.03711654340330305,
      "baseline_std": 0.002025729999088927,
      "ablation_mean": 0.055983900683204454,
      "ablation_std": 0.0002291210644269177,
      "delta_pct": 50.83274343435323,
      "mannwhitney_p": 1.5099296795810785e-11,
      "significant": true,
      "cohens_d": 13.088328926041859,
      "cliffs_delta": 1.0,
      "effect": "large"
    },
    {
      "scenario": "nobidir",
      "n_baseline": 30,
      "n_ablation": 30,
      "baseline_mean": 0.03711654340330305,
      "baseline_std": 0.002025729999088927,
      "ablation_mean": 0.03669392348092878,
      "ablation_std": 0.0013454146339436034,
      "delta_pct": -1.1386295264139918,
      "mannwhitney_p": 0.6739781887996821,
      "significant": false,
      "cohens_d": -0.24577318102219717,
      "cliffs_delta": -0.06666666666666667,
      "effect": "small"
    }
  ],
  "friedman": {
    "p_value": 1.6364309111254172e-10,
    "statistic": 45.06666666666666,
    "n_used": 30,
    "k_scenarios": 3,
    "mean_ranks": {
      "full": 1.5333333333333334,
      "nodwt": 3.0,
      "nobidir": 1.4666666666666666
    }
  }
}