{
  "algos": [
    "gwo",
    "pso",
    "ga"
  ],
  "rows": [
    {
      "algo": "gwo",
      "joint_best": 0.03458061630323126,
      "joint_mean": 0.03711654340330305,
      "seq_best": 0.05987730807573001,
      "seq_mean": 0.06133315452413008
    },
    {
      "algo": "pso",
      "joint_best": 0.0346092723397009,
      "joint_mean": 0.0382407179696604,
      "seq_best": 0.06000289019962646,
      "seq_mean": 0.06227166003357088
    },
    {
      "algo": "ga",
      "joint_best": 0.034009449974397477,
      "joint_mean": 0.03916196033048448,
      "seq_best": 0.05974954285444203,
      "seq_mean": 0.06157407548147327
    }
  ],
  "wilcoxon": {
    "gwo": {
      "test": "wilcoxon_signed_rank_paired",
      "stat": 0.0,
      "p_value": 1.862645149230957e-09,
      "joint_median": 0.036557154768062455,
      "seq_median": 0.06087660590136225,
      "joint_better": true,
      "significant_at_005": true
    },
    "pso": {
      "test": "wilcoxon_signed_rank_paired",
      "stat": 0.0,
      "p_value": 1.862645149230957e-09,
      "joint_median": 0.03734377675780115,
      "seq_median": 0.06125179496314857,
      "joint_better": true,
      "significant_at_005": true
    },
    "ga": {
      "test": "wilcoxon_signed_rank_paired",
      "stat": 0.0,
      "p_value": 1.862645149230957e-09,
      "joint_median": 0.037662295147633584,
      "seq_median": 0.061055255059706416,
      "joint_better": true,
      "significant_at_005": true
    }
  },
  "created_at": "2026-06-14T14:37:18.780786"
}